<application>
  <component name="FileTypeManager" version="17">
    <ignoreFiles list="*.classpath;*.hprof;*.idea;*.iml;*.project;*.pyc;*.pyo;*.rbc;*.yarb;*~;.DS_Store;.git;.hg;.svn;CVS;__pycache__;_svn;vssver.scc;vssver2.scc;" />
    <extensionMap>
      <mapping pattern="c3p0-config" type="PLAIN_TEXT" />
      <mapping ext="properties1" type="PLAIN_TEXT" />
      <mapping ext="properteis" type="PLAIN_TEXT" />
      <mapping pattern="sqlMapConfig" type="XML" />
    </extensionMap>
  </component>
</application>