<application>
  <component name="ProjectJdkTable">
    <jdk version="2">
      <name value="jdk1.8" />
      <type value="JavaSDK" />
      <version value="java version &quot;1.8.0_101&quot;" />
      <homePath value="C:/Program Files/Java/jdk1.8.0_101" />
      <roots>
        <annotationsPath>
          <root type="composite">
            <root url="jar://$APPLICATION_HOME_DIR$/lib/jdkAnnotations.jar!/" type="simple" />
          </root>
        </annotationsPath>
        <classPath>
          <root type="composite">
            <root url="jar://C:/Program Files/Java/jdk1.8.0_101/jre/lib/charsets.jar!/" type="simple" />
            <root url="jar://C:/Program Files/Java/jdk1.8.0_101/jre/lib/deploy.jar!/" type="simple" />
            <root url="jar://C:/Program Files/Java/jdk1.8.0_101/jre/lib/ext/access-bridge-64.jar!/" type="simple" />
            <root url="jar://C:/Program Files/Java/jdk1.8.0_101/jre/lib/ext/cldrdata.jar!/" type="simple" />
            <root url="jar://C:/Program Files/Java/jdk1.8.0_101/jre/lib/ext/dnsns.jar!/" type="simple" />
            <root url="jar://C:/Program Files/Java/jdk1.8.0_101/jre/lib/ext/jaccess.jar!/" type="simple" />
            <root url="jar://C:/Program Files/Java/jdk1.8.0_101/jre/lib/ext/jfxrt.jar!/" type="simple" />
            <root url="jar://C:/Program Files/Java/jdk1.8.0_101/jre/lib/ext/localedata.jar!/" type="simple" />
            <root url="jar://C:/Program Files/Java/jdk1.8.0_101/jre/lib/ext/nashorn.jar!/" type="simple" />
            <root url="jar://C:/Program Files/Java/jdk1.8.0_101/jre/lib/ext/sunec.jar!/" type="simple" />
            <root url="jar://C:/Program Files/Java/jdk1.8.0_101/jre/lib/ext/sunjce_provider.jar!/" type="simple" />
            <root url="jar://C:/Program Files/Java/jdk1.8.0_101/jre/lib/ext/sunmscapi.jar!/" type="simple" />
            <root url="jar://C:/Program Files/Java/jdk1.8.0_101/jre/lib/ext/sunpkcs11.jar!/" type="simple" />
            <root url="jar://C:/Program Files/Java/jdk1.8.0_101/jre/lib/ext/zipfs.jar!/" type="simple" />
            <root url="jar://C:/Program Files/Java/jdk1.8.0_101/jre/lib/javaws.jar!/" type="simple" />
            <root url="jar://C:/Program Files/Java/jdk1.8.0_101/jre/lib/jce.jar!/" type="simple" />
            <root url="jar://C:/Program Files/Java/jdk1.8.0_101/jre/lib/jfr.jar!/" type="simple" />
            <root url="jar://C:/Program Files/Java/jdk1.8.0_101/jre/lib/jfxswt.jar!/" type="simple" />
            <root url="jar://C:/Program Files/Java/jdk1.8.0_101/jre/lib/jsse.jar!/" type="simple" />
            <root url="jar://C:/Program Files/Java/jdk1.8.0_101/jre/lib/management-agent.jar!/" type="simple" />
            <root url="jar://C:/Program Files/Java/jdk1.8.0_101/jre/lib/plugin.jar!/" type="simple" />
            <root url="jar://C:/Program Files/Java/jdk1.8.0_101/jre/lib/resources.jar!/" type="simple" />
            <root url="jar://C:/Program Files/Java/jdk1.8.0_101/jre/lib/rt.jar!/" type="simple" />
          </root>
        </classPath>
        <javadocPath>
          <root type="composite" />
        </javadocPath>
        <sourcePath>
          <root type="composite">
            <root url="jar://C:/Program Files/Java/jdk1.8.0_101/src.zip!/" type="simple" />
            <root url="jar://C:/Program Files/Java/jdk1.8.0_101/javafx-src.zip!/" type="simple" />
            <root url="file://D:/资料/java_fm/mybatis预习资料/资源/源码及DTD/mybatis-3-config.dtd" type="simple" />
            <root url="file://D:/资料/java_fm/mybatis预习资料/资源/源码及DTD/mybatis-3-mapper.dtd" type="simple" />
            <root url="file://D:/资料/java_fm/spring5.1-lib/spring-framework-5.1.8.RELEASE/schema/tx/spring-tx.xsd" type="simple" />
            <root url="file://D:/资料/java_fm/spring5.1-lib/spring-framework-5.1.8.RELEASE/schema/util/spring-util.xsd" type="simple" />
            <root url="file://D:/资料/java_fm/spring5.1-lib/spring-framework-5.1.8.RELEASE/schema/mvc/spring-mvc.xsd" type="simple" />
            <root url="file://D:/资料/java_fm/spring5.1-lib/spring-framework-5.1.8.RELEASE/schema/jdbc/spring-jdbc.xsd" type="simple" />
            <root url="file://D:/资料/java_fm/spring5.1-lib/spring-framework-5.1.8.RELEASE/schema/context/spring-context.xsd" type="simple" />
            <root url="file://D:/资料/java_fm/spring5.1-lib/spring-framework-5.1.8.RELEASE/schema/beans/spring-beans.xsd" type="simple" />
            <root url="file://D:/资料/java_fm/spring5.1-lib/spring-framework-5.1.8.RELEASE/schema/aop/spring-aop.xsd" type="simple" />
            <root url="file://D:/资料/java_fm/spring5.1-lib/spring-framework-5.1.8.RELEASE/schema/cache/spring-cache.xsd" type="simple" />
          </root>
        </sourcePath>
      </roots>
      <additional />
    </jdk>
  </component>
</application>