<application>
  <component name="GitRememberedInputs">
    <option name="visitedUrls">
      <list>
        <UrlAndUserName>
          <option name="url" value="http://gitee.com" />
          <option name="userName" value="xie_yongfu" />
        </UrlAndUserName>
        <UrlAndUserName>
          <option name="url" value="https://github.com/JungleZ/easymall.git" />
          <option name="userName" value="" />
        </UrlAndUserName>
      </list>
    </option>
    <option name="cloneParentDir" value="D:\project" />
  </component>
</application>