<keymap version="1" name="Eclipse copy" parent="Eclipse">
  <action id="Arrangement.Rule.Group.Condition.Move.Down" />
  <action id="Arrangement.Rule.Match.Condition.Move.Down" />
  <action id="Arrangement.Rule.Match.Condition.Move.Up" />
  <action id="CodeCompletion">
    <keyboard-shortcut first-keystroke="alt slash" />
  </action>
  <action id="Console.TableResult.NextPage" />
  <action id="Console.TableResult.PreviousPage" />
  <action id="EditorDuplicate">
    <keyboard-shortcut first-keystroke="ctrl alt down" />
  </action>
  <action id="EditorDuplicateLines" />
  <action id="ExportToTextFile" />
  <action id="HippieCompletion" />
  <action id="ImplementMethods">
    <keyboard-shortcut first-keystroke="alt i" />
  </action>
  <action id="MoveLineDown">
    <keyboard-shortcut first-keystroke="alt down" />
  </action>
  <action id="MoveLineUp">
    <keyboard-shortcut first-keystroke="alt up" />
  </action>
  <action id="MoveStatementDown" />
  <action id="MoveStatementUp" />
  <action id="OverrideMethods">
    <keyboard-shortcut first-keystroke="alt o" />
  </action>
  <action id="ShowContent" />
  <action id="ShowSearchHistory" />
</keymap>